{"bi": 0.002852231554347781, "yo": 0.0005405542072815756, "do": 0.002661805412647048, "so": 0.0028247077758834734, "ua": 0.001321781454158027, "ul": 0.004512619492403917, "ml": 0.00012193673947559521, "js": 9.601318068944504e-07, "bh": 5.984821596308741e-05, "vd": 2.8803954206833513e-06, "ny": 0.0005597568434194646, "le": 0.011065839118394174, "rx": 3.8405272275778015e-06, "os": 0.005001006538177561, "wu": 3.584492079072615e-05, "lb": 0.00023779264417419222, "zw": 5.760790841366703e-06, "ci": 0.003674424424985062, "wq": 6.40087871262967e-07, "jw": 6.40087871262967e-07, "kl": 0.0003821324591439913, "wh": 0.0004669441020863344, "zr": 3.5204832919463184e-06, "pt": 0.0014664413130634573, "nu": 0.001056465031519527, "nd": 0.0048227420660308246, "ic": 0.011521261638797775, "sq": 0.00032676485827974464, "zh": 4.800659034472252e-06, "wm": 4.6406370666565105e-05, "gz": 3.8405272275778015e-06, "wb": 7.777067635845048e-05, "ew": 0.0007575439956397214, "is": 0.01168224373842041, "nv": 0.0005882407536906667, "nw": 0.00030084129949359446, "xi": 0.0006848940222513747, "zo": 0.000591761236982613, "gi": 0.00272901463912966, "pb": 6.560900680445411e-05, "mi": 0.005796315718221798, "bt": 0.00015746161633068987, "na": 0.005963698696557064, "pv": 2.560351485051868e-06, "br": 0.001950667787673892, "oq": 0.00010529445482275807, "er": 0.021351091077783158, "sp": 0.002735735561777921, "yl": 0.0012356896354731577, "ut": 0.0029796090407291113, "bz": 3.200439356314835e-06, "gf": 3.87253162114095e-05, "pm": 7.16898415814523e-05, "ki": 0.0014481988087324629, "oj": 4.960681002287994e-05, "fm": 1.4401977103416757e-05, "ll": 0.006002744056704104, "ei": 0.001397311822967057, "ao": 0.00012449709096064708, "rn": 0.0013787492747004309, "ws": 0.00023011158971903662, "an": 0.012815199270555862, "xg": 4.160571163209285e-06, "lh": 8.289137932855422e-05, "zy": 0.0001414594195491157, "dm": 0.0001981071961558883, "ly": 0.006463607324013441, "gc": 1.0881493811470438e-05, "cz": 1.4401977103416757e-05, "vm": 9.601318068944504e-07, "qh": 6.40087871262967e-07, "kp": 4.480615098840769e-05, "ga": 0.002468498875525632, "go": 0.001549652736327643, "kw": 9.569313675381356e-05, "uc": 0.0014488388966037258, "hr": 0.0013057792573764526, "ih": 0.00013441845296522306, "oe": 0.0009089247771934131, "gg": 0.0006762528359893247, "mk": 1.1521581682733405e-05, "my": 0.0008974031955106797, "gv": 1.6002196781574174e-06, "aq": 0.00010913498205033587, "xy": 0.0002425933032086645, "mv": 2.5283470914887195e-05, "ud": 0.001171040760475598, "pu": 0.001220647570498478, "bu": 0.0014866040810082408, "nb": 0.000455422520403601, "ju": 0.00046822427782886034, "dd": 0.000583120050720563, "ba": 0.002779581580959434, "iw": 4.704645853782807e-05, "ye": 0.0005421544269597331, "uw": 9.601318068944504e-06, "xt": 0.0003776518440451505, "yx": 6.400878712629669e-05, "uq": 1.3121801360890823e-05, "xv": 2.560351485051868e-06, "gk": 1.1201537747101922e-05, "xm": 1.0561449875838955e-05, "ps": 0.0012388900748294726, "dv": 0.00012001647586180631, "jr": 3.5204832919463184e-06, "yq": 1.6002196781574174e-06, "wr": 0.0002365124684316663, "gt": 6.816935828950598e-05, "pn": 0.00017282372524100108, "im": 0.0026701265549734666, "kb": 8.257133539292274e-05, "dp": 5.888808415619296e-05, "of": 0.0006864942419295321, "mp": 0.0022143839906342343, "ie": 0.004297229923723929, "us": 0.006348711551121738, "ai": 0.0021084494479402132, "du": 0.0010993509188941457, "kx": 3.200439356314835e-07, "bj": 8.193124752165977e-05, "nk": 0.0007047367462605267, "fj": 2.560351485051868e-06, "gr": 0.0023276795438477793, "qu": 0.0018444132010442395, "ng": 0.009509465459418269, "vg": 2.560351485051868e-06, "uk": 0.00016994332982031774, "km": 7.7450632422819e-05, "ij": 4.224579950335582e-05, "kz": 9.601318068944504e-07, "wn": 0.0003069221342705927, "pi": 0.003293892185519228, "mh": 2.560351485051868e-05, "ld": 0.0007425019306650417, "lm": 0.0004477414659484454, "gw": 6.752927041824301e-05, "fy": 0.00030180143130048895, "sj": 2.2723119429835327e-05, "oo": 0.0023926484627809705, "bb": 0.0005475951738654683, "sf": 0.0001552213087812695, "qo": 1.280175742525934e-06, "bf": 4.608632673093362e-05, "hf": 8.289137932855422e-05, "bo": 0.0022297460995445457, "hk": 1.9842724009151975e-05, "cb": 7.36101051952412e-06, "we": 0.0011185535550320349, "zz": 0.00018146491150305115, "md": 2.944404207809648e-05, "em": 0.004072559080910627, "uy": 4.704645853782807e-05, "st": 0.010920539171617479, "sz": 6.40087871262967e-06, "pz": 3.200439356314835e-07, "ta": 0.0067583677887300365, "fw": 1.3441845296522307e-05, "yv": 1.2161669553996372e-05, "xz": 3.200439356314835e-07, "re": 0.012808798391843233, "tc": 0.0005690381175527776, "gp": 2.208303155857236e-05, "lj": 6.40087871262967e-06, "xh": 6.0808347769981864e-05, "mn": 0.0003238844628590613, "yf": 7.232992945271526e-05, "wd": 8.001098390787087e-05, "ft": 0.00039013355753477835, "ra": 0.011270667237198323, "ot": 0.004126646506032348, "rf": 0.0004864667821598549, "tj": 2.1442943687309393e-05, "au": 0.0017464797567410054, "xf": 1.3121801360890823e-05, "fc": 1.2481713489627856e-05, "gs": 0.0005383138997321552, "ed": 0.009881996600493315, "sd": 8.193124752165977e-05, "xs": 3.232443749877983e-05, "zg": 2.8803954206833513e-06, "ti": 0.015888581184425, "bs": 0.00048806700183801234, "ql": 6.40087871262967e-07, "xx": 3.200439356314835e-06, "vr": 3.3604613241305764e-05, "ck": 0.0020882866799954297, "ax": 0.0004115765012220878, "to": 0.006835178333281593, "yd": 0.00047654542015527893, "bq": 3.200439356314835e-06, "fl": 0.0013134603118316083, "af": 0.000687134329800795, "iv": 0.0026790877851711483, "ca": 0.007448382513951515, "hu": 0.0008964430637037852, "sk": 0.0005840801825274574, "ig": 0.0022531093068456436, "kh": 0.00014882043006863983, "ol": 0.005855523846313622, "fa": 0.0011396764547837127, "fe": 0.0016520667957297178, "ks": 0.0005664777660677258, "rw": 0.0002886796299395981, "nt": 0.009451857551004602, "ab": 0.004236421575953947, "rr": 0.0018405726738166615, "ru": 0.0019429867332187362, "qw": 6.40087871262967e-07, "tu": 0.002336640774045461, "wi": 0.0011659200575054943, "pd": 3.008412994935945e-05, "eo": 0.0017525605915180036, "ez": 0.00014401977103416756, "cw": 6.40087871262967e-06, "ah": 0.00046406370666565104, "al": 0.012980661985277338, "df": 0.00010977506992159884, "zd": 6.720922648261153e-06, "xp": 0.00031108270543380194, "nx": 3.4564745048200214e-05, "nj": 0.00016706293439963438, "ib": 0.001494605179399028, "sb": 0.00015458122091000653, "yw": 9.953366398139136e-05, "hg": 2.464338304362423e-05, "ep": 0.0027555782857870727, "pe": 0.005510836527638514, "in": 0.019486195064858505, "ff": 0.0009799745309036025, "kr": 0.00012545722276754152, "pq": 1.280175742525934e-06, "la": 0.008017740675439925, "kj": 8.001098390787087e-06, "zq": 1.280175742525934e-06, "xk": 6.40087871262967e-07, "qt": 2.560351485051868e-06, "jg": 6.40087871262967e-07, "jv": 3.200439356314835e-07, "dc": 6.432883106192818e-05, "nf": 0.001093590128052779, "bk": 1.1521581682733405e-05, "zm": 4.800659034472252e-06, "me": 0.006041149328979882, "zt": 4.4806150988407686e-06, "nh": 0.00045030181743349726, "po": 0.0040242324466302735, "ip": 0.0022499088674893288, "jm": 1.280175742525934e-06, "ns": 0.004643837506012825, "th": 0.0052880859484390015, "ni": 0.007133139237354504, "io": 0.007053128253446633, "xd": 5.760790841366703e-06, "et": 0.005800796333320638, "vp": 9.601318068944504e-07, "qy": 3.200439356314835e-07, "cv": 6.40087871262967e-07, "vo": 0.0008180322994740718, "dj": 9.409291707565614e-05, "xa": 0.0003360461324130577, "zl": 8.481164294234312e-05, "kk": 4.224579950335582e-05, "eg": 0.0013467448811372825, "vb": 3.200439356314835e-07, "mo": 0.003977185988092445, "ja": 0.0004410205433001842, "nl": 0.0005741588205228814, "qg": 3.200439356314835e-07, "lx": 3.200439356314835e-06, "ok": 0.0005703182932953036, "qi": 5.760790841366703e-06, "wl": 0.00019682702041336236, "yg": 0.0002915600253602815, "jl": 9.601318068944504e-07, "zc": 5.120702970103736e-06, "vv": 1.4081933167785274e-05,