{"th": 0.004427385676410958, "he": 0.005536398135472803, "of": 0.0007451177459321769, "an": 0.01348143270547055, "nd": 0.006264187561732139, "to": 0.0058136512502382645, "in": 0.02378311875097472, "fo": 0.002278674036978634, "or": 0.01096882635290856, "is": 0.007867057131469962, "on": 0.018021452459754977, "ha": 0.004540019754284427, "at": 0.013143530471850145, "by": 0.00035523055329324715, "hi": 0.0035523055329324715, "wi": 0.001871458524666863, "it": 0.007754423053596493, "yo": 0.0004158796721481918, "ou": 0.004773952069867785, "no": 0.0030064634632379697, "ot": 0.003240395778821328, "be": 0.0030064634632379697, "ar": 0.012008525533279038, "re": 0.01712904399660365, "fr": 0.0012909598156266788, "ro": 0.007641788975723024, "om": 0.004695974631339999, "as": 0.0054930773362907, "ur": 0.005259145020707342, "al": 0.011341385225874646, "ll": 0.0056317038936734305, "av": 0.001646190368919926, "ve": 0.006862014590445165, "ne": 0.007615796496213762, "ew": 0.0012649673361174168, "mo": 0.0035089847337503683, "wa": 0.0024779497132163095, "we": 0.002183368278778007, "il": 0.0053024658198894455, "ho": 0.0038902077665528773, "me": 0.006888007069954427, "ca": 0.006454799078133394, "us": 0.004098147602626973, "ab": 0.002798523627163874, "bo": 0.002685889549290405, "ut": 0.003188410819802804, "if": 0.0015422204508828779, "pa": 0.0041761250411547594, "ag": 0.002564591311580516, "ge": 0.004756623750194943, "my": 0.00035523055329324715, "se": 0.008126981926562582, "ea": 0.005952277807620995, "rc": 0.0015422204508828779, "ch": 0.005579718934654906, "ee": 0.0030411201025836525, "bu": 0.0018887868443397044, "er": 0.021001923443483686, "do": 0.002157375799268745, "nf": 0.0010137067008612174, "rm": 0.001871458524666863, "ma": 0.006368157479769187, "ti": 0.016383926250671473, "io": 0.009443934221698522, "im": 0.0029198218648737633, "ey": 0.0011350049385711067, "si": 0.006012926926475939, "te": 0.01426120709074841, "up": 0.001386265573827306, "ay": 0.0017934810861390772, "wh": 0.0005718345492037638, "ic": 0.007927706250324906, "ei": 0.0012736314959538374, "ir": 0.003179746659966383, "ws": 0.000537177909858081, "ny": 0.0007277894262593356, "nl": 0.0003812230328025091, "ly": 0.003673603770642361, "so": 0.003240395778821328, "en": 0.014027274775165053, "co": 0.009790500615155349, "nt": 0.010622259959451732, "ta": 0.006939992028972951, "ac": 0.0056057114141641684, "ct": 0.004635325512485054, "es": 0.01659186608674557, "ss": 0.004436049836247379, "eb": 0.0009617217418426935, "ls": 0.0019407718033582285, "ow": 0.0023566514755064202, "el": 0.006558768996170442, "lp": 0.0003465663934568265, "et": 0.005163839262506715, "pm": 0.00013862655738273058, "vi": 0.0034743280944046855, "ie": 0.005129182623161032, "li": 0.008759465594621289, "fi": 0.00326638825833059, "rs": 0.006004262766639519, "st": 0.011705279939004314, "am": 0.0038902077665528773, "wo": 0.0011350049385711067, "ul": 0.0028071877870002944, "ld": 0.0013776014139908854, "rv": 0.0009097367828241695, "ce": 0.006047583565821623, "cl": 0.002200696598450848, "ck": 0.0030237917829108113, "ts": 0.004600668873139372, "ik": 0.0003985513524753505, "ke": 0.0028851652255280805, "pr": 0.005042541024796825, "ri": 0.009859813893846714, "da": 0.0026079121107626196, "ba": 0.00287650106569166, "op": 0.002564591311580516, "pe": 0.005458420696945018, "eo": 0.0008750801434784869, "pl": 0.0029804709837287077, "le": 0.010795543156180145, "ad": 0.003820894487861512, "na": 0.005345786619071548, "ju": 0.0006238195082222877, "ov": 0.0017155036476112911, "ye": 0.0007277894262593356, "em": 0.003916200246062139, "ai": 0.0036562754509695196, "tw": 0.00033790223362040585, "lt": 0.001646190368919926, "rl": 0.0010396991803704795, "ex": 0.002668561229617564, "xt": 0.0005025212705123984, "ed": 0.012502382643955015, "go": 0.0012909598156266788, "rk": 0.0010483633402069, "la": 0.007347207541284722, "os": 0.003413678975549741, "od": 0.0020880625205773797, "du": 0.00143825053284583, "uc": 0.0014988996517007747, "mu": 0.001126340778734686, "uy": 8.664159836420663e-05, "ak": 0.0011869898975896307, "sh": 0.003985513524753505, "sy": 0.0007711102254414389, "ys": 0.0010223708606976383, "po": 0.003881543606716457, "ci": 0.003205739139475645, "ty": 0.0022700098771422134, "dd": 0.000667140307404391, "ol": 0.004955899426432619, "cy": 0.0007104611065864943, "nu": 0.0009703859016791142, "um": 0.002001420922213173, "mb": 0.0012043182172624721, "su": 0.0034916564140775267, "va": 0.0020967266804138, "bl": 0.0029718068238922873, "py": 0.0002685889549290405, "yr": 0.00023393231558335788, "ig": 0.002902493545200922, "gh": 0.0017328319672841326, "ht": 0.0011609974180803687, "pp": 0.0018281377254847598, "rt": 0.00405482680344487, "sa": 0.0028938293853645013, "af": 0.0007797743852778596, "ft": 0.0005804987090401844, "ja": 0.0005718345492037638, "oo": 0.0029544785042194457, "id": 0.003049784262420073, "de": 0.008664159836420663, "pu": 0.0012043182172624721, "ub": 0.0012996239754630994, "ok": 0.0010050425410247968, "ks": 0.0011696615779167893, "sc": 0.002703217868963247, "hr": 0.0008317593442963836, "ug": 0.0010223708606976383, "nk": 0.000823095184459963, "ev": 0.0019840926025403317, "rd": 0.0024086364345249443, "ry": 0.0024259647541977855, "iv": 0.0029111577050373425, "ms": 0.0012043182172624721, "mp": 0.0031624183402935418, "gr": 0.0024086364345249443, "oe": 0.0004158796721481918, "un": 0.00445337815592022, "ra": 0.010526954201251104, "ni": 0.0048952503075776746, "ua": 0.0016028695697378225, "fu": 0.0010916841393890035, "ap": 0.0029891351435651285, "og": 0.0017501602869569738, "fe": 0.0020360775615588557, "kn": 0.00037255887296608846, "ga": 0.0023653156353428406, "rn": 0.0017761527664662358, "tr": 0.005874300369093209, "mm": 0.001386265573827306, "lo": 0.005189831742015977, "ep": 0.0021660399591051658, "ff": 0.0013169522951359406, "ef": 0.0015595487705557193, "di": 0.006428806598624132, "yp": 0.0003465663934568265, "ec": 0.0051205184633246114, "au": 0.0019407718033582285, "oc": 0.0021920324386144278, "ng": 0.012675665840683428, "gn": 0.0008490876639692249, "dr": 0.0012389748566081547, "ph": 0.0017501602869569738, "dv": 0.00040721551231177113, "vd": 3.4656639345682646e-05, "ip": 0.0018627943648304424, "pi": 0.0023653156353428406, "bj": 0.00012129823770988928, "je": 0.0006498119877315497, "ru": 0.0018281377254847598, "fa": 0.0017588244467933944, "mi": 0.004669982151830737, "sp": 0.0029111577050373425, "ia": 0.0047392954305221025, "bs": 0.0010050425410247968, "hn": 0.00025992479509261986, "gy": 0.0005111854303488191, "oj": 0.00010396991803704795, "uk": 0.00012996239754630993, "wn": 0.0006064911885494464, "cu": 0.0021400474795959037, "oa": 0.001126340778734686, "cc": 0.0010830199795525829, "rr": 0.0020880625205773797, "bi": 0.002512606352561992, "aw": 0.0007277894262593356, "tu": 0.00261657627059904, "iz": 0.0011869898975896307, "ze": 0.0009790500615155348, "nc": 0.004479370635429482, "lu": 0.0016808470082656085, "ud": 0.0011090124590618447, "gu": 0.0012476390164445753, "ui": 0.0014729071721915126, "sm": 0.0009184009426605902, "nm": 0.00021660399591051657, "gi": 0.0019581001230310697, "jo": 0.0007451177459321769, "oh": 0.0003032455942747232, "tm": 0.0003812230328025091, "tl": 0.0012216465369353133, "cr": 0.0025819196312533575, "pt": 0.0015508846107192985, "ns": 0.007442513299485349, "hy": 0.0006498119877315497, "cd": 0.0001819473565648339, "qu": 0.0018021452459754978, "tt": 0.002235353237796531, "eg": 0.0016721828484291877, "ue": 0.0016721828484291877, "ob": 0.0012129823770988927, "oi": 0.0009963783811883762, "gl": 0.0007797743852778596, "ox": 0.0004418721516574538, "ek": 0.0003032455942747232, "rg": 0.0015162279713736159, "ib": 0.001594205409901402, "br": 0.0020360775615588557, "hu": 0.0010137067008612174, "tv": 7.797743852778596e-05, "eq": 0.0005111854303488191, "ya": 0.00046786463116671575, "ah": 0.00042454383198461243, "pc": 0.00019061151640125456, "dy": 0.0006498119877315497, "db": 0.0002079398360740959, "ki": 0.001819473565648339, "gs": 0.001074355819716162,