{"aa": 8.162351810528117e-05, "ac": 0.005064607647597043, "ch": 0.006239591355806131, "he": 0.006124396874609162, "en": 0.012025645582785337, "ar": 0.01013184831190716, "rd": 0.0018839234582041509, "dv": 0.00014020813997116845, "va": 0.001734499759737225, "rk": 0.0007372446796606041, "ks": 0.0010367503307727247, "dw": 0.00017707037395419867, "wo": 0.001094018444282075, "ol": 0.005538550655950289, "lf": 0.0002659346880204322, "lv": 0.0003758631357912544, "ve": 0.005362138536174358, "es": 0.020696827873114925, "rh": 0.00046867697492709837, "hu": 0.0009775074547285689, "us": 0.005514853505532626, "ro": 0.008357195047295563, "on": 0.013882580619680484, "ni": 0.006935366022235826, "ic": 0.009208975953974867, "ca": 0.006816222015969246, "al": 0.011361467116912525, "as": 0.005650453866255916, "sv": 3.4887471448225016e-05, "vo": 0.000884693615592725, "og": 0.0031892414937103814, "ge": 0.00406011177155947, "el": 0.006061862727673664, "ls": 0.0016890802214367055, "ab": 0.0038902821935662235, "ba": 0.0029555612604251005, "ci": 0.003638170843289428, "ck": 0.0026363079839649283, "cs": 0.000493032379523029, "ct": 0.003153695768083888, "ti": 0.016213458664928876, "in": 0.023065884660702883, "na": 0.005273932476286393, "ll": 0.005882159337006392, "ly": 0.005161371011802497, "to": 0.0061441444999572135, "or": 0.009295207251328028, "rs": 0.006505526043826563, "cu": 0.0024144763258884786, "se": 0.008388132993674177, "ad": 0.0031095927381399055, "da": 0.0023275867743570502, "an": 0.012526577012447587, "dd": 0.0007734486594653659, "do": 0.0022683438983128945, "af": 0.00076357484679134, "ft": 0.0004331312493006049, "lo": 0.005625440207481717, "ne": 0.009030589071664132, "am": 0.0036829321274116787, "mp": 0.0024177675967798204, "pe": 0.005555665264585267, "er": 0.02217789977421882, "re": 0.012786587412863603, "nd": 0.004815787568211589, "ed": 0.01235674743445434, "dl": 0.0009584180835587854, "ee": 0.0025112396900939327, "ng": 0.013490919383610788, "nm": 0.0003113542263209516, "me": 0.006085559878091326, "nt": 0.009002284141998591, "ts": 0.004305640580053582, "ns": 0.006701027534772277, "em": 0.0035578638335406836, "sh": 0.004011400962367608, "hi": 0.004685453240914446, "hl": 0.00046604395821402475, "le": 0.01107183527847443, "ss": 0.0060730530487042265, "hm": 0.0003100377179644148, "si": 0.0058637282200148765, "sk": 0.0007161805459560155, "at": 0.014365080932351218, "ta": 0.00672867421025955, "bl": 0.0036493611643199906, "te": 0.014326902190011651, "is": 0.014182086270792604, "tt": 0.002295332319621899, "oi": 0.001552163352356879, "ir": 0.002529670807085448, "tu": 0.0025487601782552315, "ur": 0.004919133474199727, "ax": 0.00036862233983030206, "xi": 0.0005818966935892626, "ia": 0.005345682181717649, "ay": 0.0009886977757591316, "ya": 0.0005680733558456262, "bb": 0.0007030154623906476, "ie": 0.005816333919179552, "cy": 0.0007905632681003443, "id": 0.003326816616968476, "ds": 0.0015850760612702989, "be": 0.002879862029924235, "ey": 0.0006964329206079635, "ys": 0.0010393833474857982, "bo": 0.0023874879045794745, "ot": 0.00357563669635393, "sb": 0.00020010927019359256, "bu": 0.0016397111580665757, "ry": 0.002016890802214367, "ip": 0.002037954935918956, "ps": 0.001281620885088568, "br": 0.0019523818927440642, "ev": 0.0012434421427490012, "vi": 0.0024519968140497774, "io": 0.007234213419169678, "bs": 0.0006082268607199984, "bc": 6.714192618337645e-05, "bd": 0.0001132197186621642, "de": 0.007579138608582318, "ri": 0.01184330917540499, "it": 0.007458019839780933, "di": 0.006331088686585438, "om": 0.004566309234647867, "mi": 0.005257476121829683, "no": 0.003388034255547437, "ou": 0.005578045906646393, "du": 0.0011809079958135034, "uc": 0.001485679680351771, "ce": 0.0044372914157072615, "ul": 0.004153583864873582, "la": 0.007770690574458421, "ah": 0.00046604395821402475, "ea": 0.004688744511805789, "ra": 0.011125812121092439, "nc": 0.004116063376712283, "ec": 0.0040785428885509855, "dn": 0.0002837075508336789, "eg": 0.0013704851991548017, "go": 0.001610089720044498, "ei": 0.0013224326441412086, "ig": 0.0024394899846626778, "gh": 0.00109204368174727, "li": 0.010863168703963349, "ae": 0.0011657681497133302, "av": 0.0011960478419136766, "ov": 0.0016462936998492598, "rf": 0.00046077792478787757, "fe": 0.001664724816840775, "ld": 0.0008662624986012098, "dy": 0.0004588031622530724, "rg": 0.0011328554407999106, "rn": 0.0015350487437219007, "et": 0.005688632608595483, "th": 0.004701251341192888, "hy": 0.0016818394254757532, "rr": 0.0018536437660038047, "so": 0.002793630732571075, "oc": 0.002744261669200945, "rt": 0.002806795816136443, "il": 0.005194941974894186, "st": 0.01213491577637789, "tw": 0.000416674894843895, "wy": 6.648367200510805e-05, "yt": 0.000531211121862596, "iv": 0.0025244047736593007, "tm": 0.0002804162799423369, "bh": 3.620397980476181e-05, "ho": 0.0042832599379924565, "tl": 0.0010959932068168802, "bi": 0.0026711954554131533, "ib": 0.001419196008346663, "gl": 0.0017865018398204283, "gs": 0.0017542473850852768, "dj": 7.964875557047598e-05, "ja": 0.0005206790550103017, "ga": 0.0024993911148851015, "ai": 0.0024605541183672663, "ty": 0.001958964434526748, "gd": 3.9495250696103796e-05, "os": 0.004203611182421981, "bj": 9.347209331411231e-05, "je": 0.00039890203203064834, "tn": 0.00016522179874536755, "jo": 0.00040943409888294266, "ju": 0.0005022479380187866, "un": 0.007074915908028726, "au": 0.0018167815320207746, "ut": 0.0030101963572213776, "az": 0.0004574866538965356, "ze": 0.002588255428951335, "oo": 0.00262314290039956, "ow": 0.0016015324157270087, "lu": 0.002141300841907094, "ma": 0.005972340159429162, "bn": 4.212826740917738e-05, "rm": 0.0019043293377304712, "sm": 0.0022156835640514227, "mo": 0.0037671886622300337, "oa": 0.0010426746183771402, "od": 0.002035321919205882, "ux": 0.00014810719011038923, "ha": 0.004337236780610465, "sa": 0.0033610458342384327, "su": 0.0029173825180855337, "um": 0.002902900926163629, "gi": 0.0027646675487272656, "if": 0.0018431116991515103, "fa": 0.00130136851043662, "ug": 0.0008609964651750627, "ht": 0.0008096526392701277, "gr": 0.002585622412238262, "xa": 0.0002488200793854539, "zo": 0.0005088304798014705, "co": 0.007454728568889591, "dg": 0.0004397137910832889, "gm": 0.0002501365877419907, "im": 0.002846291066832547, "ru": 0.0021584154505420723, "up": 0.001505427305699823, "pt": 0.0012776713600189578, "sc": 0.003331424396216355, "hs": 0.0006134928941461456, "rb": 0.0010367503307727247, "ef": 0.0012677975473449317, "rp": 0.0009854065048677896, "sq": 0.00035479900208666574, "qu": 0.0020346636650276136, "ua": 0.0014297280751989574, "sl": 0.0012829373934451049, "sn": 0.0008136021643397382, "tr": 0.006166525142018339, "ag": 0.0027745413614012914, "uz": 0.00011519448119696939, "zz": 0.00027383373815965294, "bv": 3.620397980476181e-05, "lt": 0.0011368049658695208, "by": 0.00023631324999835436, "yd": 0.0003093794637861464, "ye": 0.0005503004930323796, "yi": 0.0005660985933108211, "ms": 0.0010709795480426812, "op": 0.0036809573648768734, "my": 0.0005298946135060593, "aj": 0.00010532066852294345, "ep": 0.002383538379509864, "ph": 0.0039389930027580854, "eo": 0.0013954988579290006, "yg": 0.0002132743537589605, "ap": 0.0032590164366068314, "pn": 0.00010334590598813826, "pu": 0.0012967607311887412, "lc": 0.0003975855236741115, "iu": 0.0006161259108592191, "gy": 0.000610859877433072, "po": 0.0038251150299176526, "sy": 0.000979482217263374, "ud": 0.0011144243238083954, "cc": 0.0007642331009696084, "iz": 0.0034090983892520257, "zi": 0.001045965889268482, "pi": 0.00332944963368155, "cl": 0.001704878321715147, "za": 0.0007905632681003443, "oy": 0.0003778378983260596, "mm": 0.0012704305640580053, "pa": 0.003915295852340423, "ny": 0.0005035644463753234, "pl": 0.0022670273899563576, "eu": 0.0010709795480426812, "cr": 0.0026521060842433697, "gt": 8.425653481835476e-05, "ue": 0.0012658227848101266, "ui": 0.0014382853795164466, "ub": 0.0014652738008254507, "mb": 0.001626546074501208, "mu": 0.001362586149015581, "rv": 0.00053779366364528,